Workbook

Sheet Lisez-moi
B2: ETIB Interpreter Trainer — Suivi & evaluation des tests
B4: Objectif : centraliser les resultats de tests dans un format exploitable (analysable, chiffrable) et definir les metriques d'evaluation de la solution.
B6: Onglet | C6: A quoi il sert
B7: Journal des tests | C7: Une ligne par cas de test (audio). Transcription de reference vs systeme, WER/CER, score humain vs score systeme. C'est la source principale.
B8: Detection d'evenements | C8: Qualite de detection (hesitations, silences, repetitions, chiffres, terminologie...) vs annotation humaine. Precision / Rappel / F1 calcules automatiquement.
B9: Module arabe (i'rab) | C9: Exactitude de la detection des harakat/tanween finales (VP/incorrect/incertain).
B10: Performance systeme | C10: Latence, demarrage a froid, taux d'echec des appels.
B11: Synthese | C11: Tableau de bord : moyennes par langue et par metrique, calculees a partir des autres onglets.
B13: Metriques utilisees
B14: WER (Word Error Rate) | C14: Taux d'erreur de mots de la transcription vs reference. Plus bas = mieux. (%)
B15: CER (Character Error Rate) | C15: Taux d'erreur de caracteres — pertinent pour l'arabe. (%)
B16: DER (Diacritic Error Rate) | C16: Taux d'erreur des diacritiques (tashkeel) — arabe uniquement. (%)
B17: Precision | C17: Parmi les evenements detectes, part de corrects = VP/(VP+FP).
B18: Rappel (Recall) | C18: Parmi les evenements reels, part detectee = VP/(VP+FN).
B19: F1 | C19: Moyenne harmonique Precision/Rappel = 2*P*R/(P+R).
B20: MAE score | C20: Ecart absolu moyen entre score systeme et score de l'expert humain (0-100).
B21: Correlation r | C21: Correlation (Pearson) entre scores systeme et scores humains. Proche de 1 = bon accord.
B22: Exactitude i'rab | C22: Mots avec haraka finale correcte / mots evalues. (%)
B24: Note : les lignes en italique sont des EXEMPLES a supprimer avant utilisation.

Sheet Journal des tests
A1: Journal des tests — une ligne par cas de test
A2: ID test | B2: Date | C2: Testeur | D2: Langue | E2: Mode | F2: Domaine / theme | G2: Duree audio (s) | H2: Methode ASR | I2: Transcription de reference | J2: Transcription systeme | K2: WER (%) | L2: CER (%) | M2: DER tashkeel (%) | N2: Score humain (0-100) | O2: Score systeme (0-100) | P2: Ecart |H-S| | Q2: Statut | R2: Remarques
A3: T001 | B3: 2026-07-31 | C3: Joe | D3: FR | E3: Consecutif | F3: Diplomatie | G3: 92 | H3: Groq w-l-v3 | I3: reference... | J3: systeme... | K3: 6.5 | L3: 3.1 | N3: 78 | O3: 74 | P3: =IF(AND(N3<>"",O3<>""),ABS(N3-O3),"") | Q3: OK | R3: exemple — a supprimer
A4: T002 | B4: 2026-07-31 | C4: Ali | D4: AR | E4: Simultane | F4: Climat | G4: 120 | H4: faster-whisper | I4: reference ar... | J4: systeme ar... | K4: 21 | L4: 12.4 | M4: 18 | N4: 65 | O4: 58 | P4: =IF(AND(N4<>"",O4<>""),ABS(N4-O4),"") | Q4: OK | R4: exemple — a supprimer
A5: T003 | B5: 2026-07-31 | C5: Joe | D5: EN | E5: Traduction a vue | F5: Sante | G5: 60 | H5: Groq w-l-v3 | I5: reference en... | J5: systeme en... | K5: 4.2 | L5: 2 | N5: 85 | O5: 83 | P5: =IF(AND(N5<>"",O5<>""),ABS(N5-O5),"") | Q5: Bug | R5: exemple — a supprimer
P6: =IF(AND(N6<>"",O6<>""),ABS(N6-O6),"")
P7: =IF(AND(N7<>"",O7<>""),ABS(N7-O7),"")
P8: =IF(AND(N8<>"",O8<>""),ABS(N8-O8),"")
P9: =IF(AND(N9<>"",O9<>""),ABS(N9-O9),"")
P10: =IF(AND(N10<>"",O10<>""),ABS(N10-O10),"")
P11: =IF(AND(N11<>"",O11<>""),ABS(N11-O11),"")
P12: =IF(AND(N12<>"",O12<>""),ABS(N12-O12),"")
P13: =IF(AND(N13<>"",O13<>""),ABS(N13-O13),"")
P14: =IF(AND(N14<>"",O14<>""),ABS(N14-O14),"")
P15: =IF(AND(N15<>"",O15<>""),ABS(N15-O15),"")
P16: =IF(AND(N16<>"",O16<>""),ABS(N16-O16),"")
P17: =IF(AND(N17<>"",O17<>""),ABS(N17-O17),"")
... P300: =IF(AND(N300<>"",O300<>""),ABS(N300-O300),"")

Sheet Detection d'evenements
A1: Detection d'evenements — vs annotation humaine
A3: T001 | B3: FR | C3: Hesitations | D3: 5 | E3: 4 | F3: 4 | G3: 0 | H3: 1 | I3: =IF((F3+G3)>0,F3/(F3+G3),"") | J3: =IF((F3+H3)>0,F3/(F3+H3),"") | K3: =IF(AND(ISNUMBER(I3),ISNUMBER(J3),(I3+J3)>0),2*I3*J3/(I3+J3),"")
A4: T001 | B4: FR | C4: Silences | D4: 3 | E4: 3 | F4: 3 | G4: 0 | H4: 0 | I4: =IF((F4+G4)>0,F4/(F4+G4),"") | J4: =IF((F4+H4)>0,F4/(F4+H4),"") | K4: =IF(AND(ISNUMBER(I4),ISNUMBER(J4),(I4+J4)>0),2*I4*J4/(I4+J4),"")
A5: T002 | B5: AR | C5: Erreurs de chiffres | D5: 4 | E5: 5 | F5: 3 | G5: 2 | H5: 1 | I5: =IF((F5+G5)>0,F5/(F5+G5),"") | J5: =IF((F5+H5)>0,F5/(F5+H5),"") | K5: =IF(AND(ISNUMBER(I5),ISNUMBER(J5),(I5+J5)>0),2*I5*J5/(I5+J5),"")
A6: T002 | B6: AR | C6: Terminologie | D6: 6 | E6: 4 | F6: 4 | G6: 0 | H6: 2 | I6: =IF((F6+G6)>0,F6/(F6+G6),"") | J6: =IF((F6+H6)>0,F6/(F6+H6),"") | K6: =IF(AND(ISNUMBER(I6),ISNUMBER(J6),(I6+J6)>0),2*I6*J6/(I6+J6),"")
I7: =IF((F7+G7)>0,F7/(F7+G7),"") | J7: =IF((F7+H7)>0,F7/(F7+H7),"") | K7: =IF(AND(ISNUMBER(I7),ISNUMBER(J7),(I7+J7)>0),2*I7*J7/(I7+J7),"")
I8: =IF((F8+G8)>0,F8/(F8+G8),"") | J8: =IF((F8+H8)>0,F8/(F8+H8),"") | K8: =IF(AND(ISNUMBER(I8),ISNUMBER(J8),(I8+J8)>0),2*I8*J8/(I8+J8),"")
I9: =IF((F9+G9)>0,F9/(F9+G9),"") | J9: =IF((F9+H9)>0,F9/(F9+H9),"") | K9: =IF(AND(ISNUMBER(I9),ISNUMBER(J9),(I9+J9)>0),2*I9*J9/(I9+J9),"")
I10: =IF((F10+G10)>0,F10/(F10+G10),"") | J10: =IF((F10+H10)>0,F10/(F10+H10),"") | K10: =IF(AND(ISNUMBER(I10),ISNUMBER(J10),(I10+J10)>0),2*I10*J10/(I10+J10),"")
I11: =IF((F11+G11)>0,F11/(F11+G11),"") | J11: =IF((F11+H11)>0,F11/(F11+H11),"") | K11: =IF(AND(ISNUMBER(I11),ISNUMBER(J11),(I11+J11)>0),2*I11*J11/(I11+J11),"")
I12: =IF((F12+G12)>0,F12/(F12+G12),"") | J12: =IF((F12+H12)>0,F12/(F12+H12),"") | K12: =IF(AND(ISNUMBER(I12),ISNUMBER(J12),(I12+J12)>0),2*I12*J12/(I12+J12),"")
I13: =IF((F13+G13)>0,F13/(F13+G13),"") | J13: =IF((F13+H13)>0,F13/(F13+H13),"") | K13: =IF(AND(ISNUMBER(I13),ISNUMBER(J13),(I13+J13)>0),2*I13*J13/(I13+J13),"")
I14: =IF((F14+G14)>0,F14/(F14+G14),"") | J14: =IF((F14+H14)>0,F14/(F14+H14),"") | K14: =IF(AND(ISNUMBER(I14),ISNUMBER(J14),(I14+J14)>0),2*I14*J14/(I14+J14),"")
I15: =IF((F15+G15)>0,F15/(F15+G15),"") | J15: =IF((F15+H15)>0,F15/(F15+H15),"") | K15: =IF(AND(ISNUMBER(I15),ISNUMBER(J15),(I15+J15)>0),2*I15*J15/(I15+J15),"")
I16: =IF((F16+G16)>0,F16/(F16+G16),"") | J16: =IF((F16+H16)>0,F16/(F16+H16),"") | K16: =IF(AND(ISNUMBER(I16),ISNUMBER(J16),(I16+J16)>0),2*I16*J16/(I16+J16),"")
I17: =IF((F17+G17)>0,F17/(F17+G17),"") | J17: =IF((F17+H17)>0,F17/(F17+H17),"") | K17: =IF(AND(ISNUMBER(I17),ISNUMBER(J17),(I17+J17)>0),2*I17*J17/(I17+J17),"")
I18: =IF((F18+G18)>0,F18/(F18+G18),"") | J18: =IF((F18+H18)>0,F18/(F18+H18),"") | K18: =IF(AND(ISNUMBER(I18),ISNUMBER(J18),(I18+J18)>0),2*I18*J18/(I18+J18),"")
... I300: =IF((F300+G300)>0,F300/(F300+G300),"") | J300: =IF((F300+H300)>0,F300/(F300+H300),"") | K300: =IF(AND(ISNUMBER(I300),ISNUMBER(J300),(I300+J300)>0),2*I300*J300/(I300+J300),"")

Sheet Module arabe (i'rab)
A1: Module arabe — exactitude i'rab / harakat finales
A3: T002 | B3: 40 | C3: 31 | D3: 6 | E3: 3 | F3: =IF(B3>0,C3/B3*100,"") | G3: exemple — a supprimer
F4: =IF(B4>0,C4/B4*100,"")
F5: =IF(B5>0,C5/B5*100,"")
F6: =IF(B6>0,C6/B6*100,"")
F7: =IF(B7>0,C7/B7*100,"")
F8: =IF(B8>0,C8/B8*100,"")
F9: =IF(B9>0,C9/B9*100,"")
F10: =IF(B10>0,C10/B10*100,"")
F11: =IF(B11>0,C11/B11*100,"")
F12: =IF(B12>0,C12/B12*100,"")
F13: =IF(B13>0,C13/B13*100,"")
F14: =IF(B14>0,C14/B14*100,"")
F15: =IF(B15>0,C15/B15*100,"")
... F300: =IF(B300>0,C300/B300*100,"")

Sheet Performance systeme
A1: Performance systeme
A3: ID test | B3: Demarrage a froid (s) | C3: Temps transcription (s) | D3: Temps evaluation (s) | E3: Taux d'echec appels (%) | F3: Remarques

Sheet Synthese
B2: Synthese — tableau de bord
B4: Qualite de transcription & accord des scores (par langue)
B5: Metrique | C5: AR | D5: FR | E5: EN | F5: Global
B6: WER moyen (%) | C6: =IFERROR(AVERAGEIFS('Journal des tests'!K3:K300,'Journal des tests'!$D$3:$D$300,"AR"),"") | D6: =IFERROR(AVERAGEIFS('Journal des tests'!K3:K300,'Journal des tests'!$D$3:$D$300,"FR"),"") | E6: =IFERROR(AVERAGEIFS('Journal des tests'!K3:K300,'Journal des tests'!$D$3:$D$300,"EN"),"") | F6: =IFERROR(AVERAGE('Journal des tests'!K3:K300),"")
B7: CER moyen (%) | C7: =IFERROR(AVERAGEIFS('Journal des tests'!L3:L300,'Journal des tests'!$D$3:$D$300,"AR"),"") | D7: =IFERROR(AVERAGEIFS('Journal des tests'!L3:L300,'Journal des tests'!$D$3:$D$300,"FR"),"") | E7: =IFERROR(AVERAGEIFS('Journal des tests'!L3:L300,'Journal des tests'!$D$3:$D$300,"EN"),"") | F7: =IFERROR(AVERAGE('Journal des tests'!L3:L300),"")
B8: DER tashkeel moyen (%) | C8: =IFERROR(AVERAGEIFS('Journal des tests'!M3:M300,'Journal des tests'!$D$3:$D$300,"AR"),"") | D8: =IFERROR(AVERAGEIFS('Journal des tests'!M3:M300,'Journal des tests'!$D$3:$D$300,"FR"),"") | E8: =IFERROR(AVERAGEIFS('Journal des tests'!M3:M300,'Journal des tests'!$D$3:$D$300,"EN"),"") | F8: =IFERROR(AVERAGE('Journal des tests'!M3:M300),"")
B9: MAE score (|H-S|) | C9: =IFERROR(AVERAGEIFS('Journal des tests'!P3:P300,'Journal des tests'!$D$3:$D$300,"AR"),"") | D9: =IFERROR(AVERAGEIFS('Journal des tests'!P3:P300,'Journal des tests'!$D$3:$D$300,"FR"),"") | E9: =IFERROR(AVERAGEIFS('Journal des tests'!P3:P300,'Journal des tests'!$D$3:$D$300,"EN"),"") | F9: =IFERROR(AVERAGE('Journal des tests'!P3:P300),"")
B10: Correlation score H vs S (r) | C10: — | D10: — | E10: — | F10: =IFERROR(CORREL('Journal des tests'!N3:N300,'Journal des tests'!O3:O300),"")
B12: F1 moyen par type d'evenement
B13: Type d'evenement | C13: F1 moyen
B14: Hesitations | C14: =IFERROR(AVERAGEIFS('Detection d''evenements'!K3:K300,'Detection d''evenements'!$C$3:$C$300,"Hesitations"),"")
B15: Silences | C15: =IFERROR(AVERAGEIFS('Detection d''evenements'!K3:K300,'Detection d''evenements'!$C$3:$C$300,"Silences"),"")
B16: Autocorrections | C16: =IFERROR(AVERAGEIFS('Detection d''evenements'!K3:K300,'Detection d''evenements'!$C$3:$C$300,"Autocorrections"),"")
B17: Repetitions | C17: =IFERROR(AVERAGEIFS('Detection d''evenements'!K3:K300,'Detection d''evenements'!$C$3:$C$300,"Repetitions"),"")
B18: Faux departs | C18: =IFERROR(AVERAGEIFS('Detection d''evenements'!K3:K300,'Detection d''evenements'!$C$3:$C$300,"Faux departs"),"")
B19: Lapsus | C19: =IFERROR(AVERAGEIFS('Detection d''evenements'!K3:K300,'Detection d''evenements'!$C$3:$C$300,"Lapsus"),"")
B20: Erreurs de chiffres | C20: =IFERROR(AVERAGEIFS('Detection d''evenements'!K3:K300,'Detection d''evenements'!$C$3:$C$300,"Erreurs de chiffres"),"")
B21: Terminologie | C21: =IFERROR(AVERAGEIFS('Detection d''evenements'!K3:K300,'Detection d''evenements'!$C$3:$C$300,"Terminologie"),"")
B23: Exactitude i'rab moyenne (%) | C23: =IFERROR(AVERAGE('Module arabe (i''rab)'!F3:F300),"")
B24: Nombre de tests enregistres | C24: =COUNTA('Journal des tests'!A3:A300)
B26: Les valeurs s'actualisent automatiquement quand vous remplissez les onglets.
